Title,done
Linear Regression,Yes
 Logistic Regression,Yes
 Naive Bayes,Yes
 Support Vector Machines,Yes
 Decision Trees,Yes
 Random Forests,Yes
 Gradient Boosting Machines,Yes
 K-Nearest Neighbors,Yes
 Principal Component Analysis,Yes
 Singular Value Decomposition,Yes
 Factor Analysis,Yes
 Cluster Analysis,Yes
 Dimensionality Reduction,no
 Feature Selection,no
 Feature Engineering,no
 Data Cleaning,no
 Data Preprocessing,no
 Data Transformation,no
 Data Visualization,no
 Machine Learning Algorithms,no
 Supervised Learning,no
 Unsupervised Learning,no
 Reinforcement Learning,no
 Deep Learning,no
 Neural Networks,no
 Convolutional Neural Networks,no
 Recurrent Neural Networks,no
 Long Short-Term Memory Networks,no
 Generative Adversarial Networks,no
 Autoencoders,no
 Natural Language Processing,no
 Computer Vision,no
 Speech Recognition,no
 Image Processing,no
 Time Series Analysis,no
 Forecasting,no
 Anomaly Detection,no
 Recommendation Systems,no
 Machine Learning Pipelines,no
 Model Evaluation,no
 Model Selection,no
 Model Deployment,no
 Machine Learning Frameworks,no
 Python for Machine Learning,no
 R for Machine Learning,no
 Tensorflow,no
 PyTorch,no
 Keras,no
 Scikit-Learn,no
 Machine Learning Best Practices,no
 Ethical Considerations in Machine Learning,no
 Real-World Applications of Machine Learning,no
 Explainable AI,no
 Bias in Machine Learning,no
 Overfitting and Underfitting,no
 Feature Importance,no
 Regularization,no
 Cross-Validation,no
 Hyperparameter Tuning,no
 Ensemble Learning,no
 Transfer Learning,no
 Active Learning,no
 Semi-Supervised Learning,no
 Generative Models,no
 Bayesian Machine Learning,no
 Reinforcement Learning Algorithms,no
 Markov Decision Processes,no
 Deep Reinforcement Learning,no
